Jawatan,Gred
Ahli Muzik,B1
Ahli Muzik,B2
Ahli Muzik,B5
Akauntan,W10
Akauntan,W12
Akauntan,W13
Akauntan,W14
Akauntan,W9
Akauntan,WA10
Akauntan,WA12
Akauntan,WA41
Akauntan,WA44
Akauntan,WA54
Akauntan,WA9
Arkitek,J10
Arkitek,J12
Arkitek,J9
Arkitek,JA44
Arkitek,JA52
Arkitek Landskap,J10
Arkitek Landskap,J12
Arkitek Landskap,J9
Arkitek Landskap,JA41
Arkitek Landskap,JA44
Artis Budaya,B1
Artis Budaya,B5
Juruaudit,W10
Juruaudit,W12
Juruaudit,W9
Juruaudit,WA41
Juruaudit,WA44
Jurubahasa,L2
Jurufotografi,B1
Jurufotografi,B2
Jurufotografi,B3
Jurufotografi,BA19
Jurufotografi,BA21
Jurufotografi,BA22
Jurufotografi,BA29
Jurugeospatial,J9
Juruiring(Terbuka),YA05
Juruiring(Terbuka),YA10
Jurupulih Perubatan,U5
Jurupulih Perubatan,U6
Jururawat,U5
Jururawat,U6
Jururawat Masyarakat,U1
Juruteknik,J1
Juruteknik,JA17
Juruteknik,JA22
Juruteknik,JA26
Juruteknik Komputer,F5
Juruteknik Komputer,FT1
Juruteknik Komputer,FT19
Juruteknik Komputer,FT2
Juruteknik Komputer,FT3
Juruteknik Pertanian Rendah,G11
Juruteknik Ukur,J2
Juruteknik Ukur,JA19
Juruteknik Ukur,JA22
Jurutera,J10
Jurutera,J12
Jurutera,J13
Jurutera,J14
Jurutera,J9
Jurutera,JA19
Jurutera,JA41
Jurutera,JA44
Jurutera,JA48
Juruukur,J10
Juruukur,J12
Juruukur,J13
Juruukur,J9
Juruukur,JA41
Juruukur,JA44
Juruukur,VU7
Juruukur Bahan,J10
Juruukur Bahan,J12
Juruukur Bahan,J13
Juruukur Bahan,J9
Juruukur Bahan,JA41
Juruukur Bahan,JA44
Juruukur Bangunan,J9
Kelasi/Jurumudi,H1
Kurator,B9
Kurator,S10
Kurator,S12
Kurator,S9
Operator Wayarles,NA19
Pegawai Arkib,S12
Pegawai Belia Dan Sukan,S10
Pegawai Belia Dan Sukan,SA32
Pegawai Belia Dan Sukan,SA41
Pegawai Ehwal Ekonomi,E10
Pegawai Ehwal Ekonomi,E12
Pegawai Ehwal Ekonomi,E14
Pegawai Ehwal Ekonomi,E9
Pegawai Ehwal Ekonomi,EA41
Pegawai Geosains,C12
Pegawai Geosains,CA41
Pegawai Hal Ehwal Islam,S1
Pegawai Hal Ehwal Islam,S10
Pegawai Hal Ehwal Islam,S12
Pegawai Hal Ehwal Islam,S9
Pegawai Hal Ehwal Islam,SA41
Pegawai Hal Ehwal Islam,SA44
Pegawai Hal Ehwal Islam,SA52
Pegawai Hal Ehwal Islam,VU5
Pegawai Hidupan Liar,G10
Pegawai Hidupan Liar,G12
Pegawai Hidupan Liar,G9
Pegawai Hidupan Liar,GA41
Pegawai Hidupan Liar,GA44
Pegawai Kawalan Alam Sekitar,C10
Pegawai Kawalan Alam Sekitar,C12
Pegawai Kawalan Alam Sekitar,C13
Pegawai Kawalan Alam Sekitar,C14
Pegawai Kawalan Alam Sekitar,C9
Pegawai Kebudayaan,B10
Pegawai Kebudayaan,B12
Pegawai Kebudayaan,B2
Pegawai Kebudayaan,B5
Pegawai Kebudayaan,B9
Pegawai Kebudayaan,BA41
Pegawai Kemajuan Masyarakat,SA19
Pegawai Kemajuan Masyarakat,SA27
Pegawai Keselamatan,KP1
Pegawai Keselamatan,KP10
Pegawai Keselamatan,KP11
Pegawai Keselamatan,KP9
Pegawai Kewangan,W10
Pegawai Kewangan,W12
Pegawai Kewangan,W9
Pegawai Kewangan,WA41
Pegawai Kewangan,WA48
Pegawai Khidmat Pelanggan,N1
Pegawai Khidmat Pelanggan,N2
Pegawai Khidmat Pelanggan,NA19
Pegawai Khidmat Pelanggan,NA22
Pegawai Latihan,E9
Pegawai Laut,AL10
Pegawai Laut,AL12
Pegawai Laut,AL54
Pegawai Laut,AL9
Pegawai Pembangunan Masyarakat,S10
Pegawai Pembangunan Masyarakat,S12
Pegawai Pembangunan Masyarakat,S13
Pegawai Pembangunan Masyarakat,S9
Pegawai Pembangunan Masyarakat,SA41
Pegawai Pembangunan Masyarakat,SA48
Pegawai Penerangan,S10
Pegawai Penerangan,SA41
Pegawai Penguatkuasa,KP10
Pegawai Penguatkuasa,KP12
Pegawai Penguatkuasa,KP41
Pegawai Penguatkuasa,KP9
Pegawai Penilaian,W10
Pegawai Penilaian,W12
Pegawai Penilaian,W9
Pegawai Penilaian,WA48
Pegawai Penyediaan Makanan,U10
Pegawai Penyelidik,N9
Pegawai Penyelidik,Q10
Pegawai Penyelidik,Q12
Pegawai Penyelidik,Q13
Pegawai Penyelidik,Q14
Pegawai Penyelidik,Q9
Pegawai Penyelidik Sosial,NA41
Pegawai Perancang Bandar Dan Desa,J10
Pegawai Perancang Bandar Dan Desa,J12
Pegawai Perancang Bandar Dan Desa,J9
Pegawai Perikanan,G10
Pegawai Perikanan,G12
Pegawai Perikanan,G13
Pegawai Perikanan,G9
Pegawai Perikanan,VU7
Pegawai Perkhidmatan Pendidikan,DG5
Pegawai Perkhidmatan Pendidikan,DG6
Pegawai Perkhidmatan Pendidikan Bukan Siswazah,DG1
Pegawai Perkhidmatan Pendidikan Bukan Siswazah,DG4
Pegawai Perkhidmatan Pendidikan Lepasan Diploma,DG5
Pegawai Perkhidmatan Pendidikan Lepasan Diploma,DG6
Pegawai Perkhidmatan Pendidikan Siswazah,DG10
Pegawai Perkhidmatan Pendidikan Siswazah,DG12
Pegawai Perkhidmatan Pendidikan Siswazah,DG9
Pegawai Pertanian,G10
Pegawai Pertanian,G12
Pegawai Pertanian,G13
Pegawai Pertanian,G14
Pegawai Pertanian,G9
Pegawai Pertanian,GA41
Pegawai Pertanian,VU07
Pegawai Psikologi,S9
Pegawai Rendah Polis dan Konstabel,Y4
Pegawai Rendah Polis dan Konstabel,Y5
Pegawai Sains,C10
Pegawai Sains,C9
Pegawai Sains,CA41
Pegawai Syariah,LS12
Pegawai Syariah,LS9
Pegawai Syariah,S9
Pegawai Tadbir,N10
Pegawai Tadbir,N12
Pegawai Tadbir,N13
Pegawai Tadbir,N14
Pegawai Tadbir,N2
Pegawai Tadbir,N9
Pegawai Tadbir,NA41
Pegawai Tadbir,NA44
Pegawai Tadbir,NA48
Pegawai Tadbir,NA52
Pegawai Tadbir,NA54
Pegawai Tadbir,S10
Pegawai Tadbir,S9
Pegawai Tadbir,SA44
Pegawai Tadbir,VU02
Pegawai Tadbir,VU04
Pegawai Tadbir,VU06
Pegawai Tadbir,VU07
Pegawai Tadbir,VU7
Pegawai Teknologi Makanan,C9
Pegawai Teknologi Maklumat,F10
Pegawai Teknologi Maklumat,F12
Pegawai Teknologi Maklumat,F13
Pegawai Teknologi Maklumat,F14
Pegawai Teknologi Maklumat,F9
Pegawai Teknologi Maklumat,FA41
Pegawai Undang-undang,AA48
Pegawai Undang-undang,L10
Pegawai Undang-undang,L12
Pegawai Undang-undang,L13
Pegawai Undang-undang,L14
Pegawai Undang-undang,L9
Pegawai Undang-undang,LA41
Pegawai Undang-undang,LA48
Pegawai Undang-undang,LA52
Pegawai Undang-undang,LS9
Pegawai Undang-undang,N9
Pegawai Undang-undang,VU03
Pegawai Undang-undang,VU05
Pegawai Undang-undang,VU7
Pegawai Veterinar,GV10
Pegawai Veterinar,GV12
Pegawai Veterinar,GV13
Pegawai Veterinar,GV14
Pegawai Veterinar,GV52
Pegawai Veterinar,GV9
Pekerja Awam,AA01
Pekerja Awam,H1
Pekerja Awam,HA11
Pekerja Awam,RA01
Pekerja Awam,RA04
Pekerja Awam Khas,HA11
Pekerja Awam Khas,RA03
Pekerja Awam Khas,RA06
Pelukis Pelan,J1
Pelukis Pelan,J2
Pelukis Pelan,J3
Pelukis Pelan,JA1
Pelukis Pelan,JA19
Pelukis Pelan,JA22
Pelukis Pelan (Kejuruteraan Awam)/Penolong Jurutera,J1
Pelukis Pelan (Kejuruteraan Awam)/Penolong Jurutera,J2
Pelukis Pelan (Kejuruteraan Awam)/Penolong Jurutera,J3
Pelukis Pelan (Kejuruteraan Awam)/Penolong Jurutera,J5
Pelukis Pelan (Kejuruteraan Awam)/Penolong Jurutera,JA1
Pelukis Pelan (Kejuruteraan Awam)/Penolong Jurutera,JA19
Pelukis Pelan (Kejuruteraan Awam)/Penolong Jurutera,JA22
Pelukis Pelan (Kejuruteraan Awam)/Penolong Jurutera,JA26
Pelukis Pelan (Seni Bina)/Penolong Pegawai Seni Bina,J1
Pelukis Pelan (Seni Bina)/Penolong Pegawai Seni Bina,J2
Pelukis Pelan (Seni Bina)/Penolong Pegawai Seni Bina,J5
Pelukis Pelan (Seni Bina)/Penolong Pegawai Seni Bina,J6
Pelukis Pelan (Seni Bina)/Penolong Pegawai Seni Bina,J7
Pelukis Pelan (Seni Bina)/Penolong Pegawai Seni Bina,JA1
Pelukis Pelan (Seni Bina)/Penolong Pegawai Seni Bina,JA19
Pelukis Pelan (Seni Bina)/Penolong Pegawai Seni Bina,JA22
Pelukis Pelan (Seni Bina)/Penolong Pegawai Seni Bina,JA29
Pelukis Pelan Rendah,H1
Pemaju Masyarakat,S1
Pemaju Masyarakat,SA19
Pemaju Mukim,S1
Pemaju Mukim,SA19
Pemandu Kenderaan,H1
Pemandu Kenderaan,H11
Pemandu Kenderaan,HA11
Pemandu Kenderaan,HA14
Pemandu Kenderaan,RA03
Pemandu Kenderaan,RA06
Pemandu/ Operator Jentera Pemunggah,HA11
Pembantu Akauntan,W1
Pembantu Akauntan,W2
Pembantu Akauntan,W3
Pembantu Akauntan,WA19
Pembantu Am Pejabat,H1
Pembantu Am Pejabat,HA11
Pembantu Am Pejabat,NA01
Pembantu Am Pejabat,NA04
Pembantu Arkib,S1
Pembantu Arkib,S2
Pembantu Arkib,SA19
Pembantu Awam,H1
Pembantu Awam,H11
Pembantu Awam,HA11
Pembantu Awam,HA14
Pembantu Awam,N1
Pembantu Awam,NA11
Pembantu Awam,RA01
Pembantu Belia Dan Sukan,SA19
Pembantu Geosains,C1
Pembantu Geosains,C2
Pembantu Hal Ehwal Islam,S1
Pembantu Hal Ehwal Islam,S2
Pembantu Hal Ehwal Islam,SA19
Pembantu Hidupan Liar,G1
Pembantu Hidupan Liar,G2
Pembantu Hidupan Liar,G3
Pembantu Hidupan Liar,GA11
Pembantu Hidupan Liar,GA14
Pembantu Hidupan Liar,GA19
Pembantu Hidupan Liar,GA22
Pembantu Hidupan Liar,GA26
Pembantu Juruaudit,W1
Pembantu Juruaudit,W3
Pembantu Juruaudit,WA19
Pembantu Kemahiran,H1
Pembantu Kemahiran,H2
Pembantu Kemahiran,H3
Pembantu Kemahiran,HA19
Pembantu Kemahiran,HA22
Pembantu Kemahiran,HA26
Pembantu Keselamatan,KP1
Pembantu Keselamatan,KP11
Pembantu Keselamatan,KP14
Pembantu Kesihatan Awam,H1
Pembantu Kesihatan Awam,U1
Pembantu Khidmat Am,H1
Pembantu Khidmat Am,H11
Pembantu Khidmat Am,H2
Pembantu Khidmat Am,HA11
Pembantu Khidmat Am,KP1
Pembantu Khidmat Am,KR14
Pembantu Khidmat Am,L3
Pembantu Khidmat Am,N1
Pembantu Khidmat Am,NA01
Pembantu Khidmat Am,R1
Pembantu Khidmat Am,S1
Pembantu Khidmat Am,Y10
Pembantu Laut,A1
Pembantu Laut,A2
Pembantu Laut,AA19
Pembantu Laut,AA22
Pembantu Makmal,C1
Pembantu Makmal,C2
Pembantu Makmal,C3
Pembantu Makmal,CA19
Pembantu Muzium,S1
Pembantu Muzium,S2
Pembantu Muzium,S3
Pembantu Muzium,SA19
Pembantu Operasi,H1
Pembantu Operasi,HA11
Pembantu Operasi,N1
Pembantu Operasi,N11
Pembantu Operasi,NA11
Pembantu Operasi,NA14
Pembantu Operasi,NA19
Pembantu Pegawai Latihan,E1
Pembantu Pegawai Latihan,E2
Pembantu Pegawai Latihan,EA22
Pembantu Pegawai Latihan Vokasional,DV1
Pembantu Pegawai Latihan Vokasional,DV19
Pembantu Pembangunan Masyarakat,S1
Pembantu Pembangunan Masyarakat,S2
Pembantu Pembangunan Masyarakat,SA19
Pembantu Penerangan,S1
Pembantu Penerbitan,NA19
Pembantu Penerbitan,NA22
Pembantu Penguatkuasa,HA11
Pembantu Penguatkuasa,K1
Pembantu Penguatkuasa,K2
Pembantu Penguatkuasa,KP1
Pembantu Penguatkuasa,KP19
Pembantu Penguatkuasa,KP2
Pembantu Penguatkuasa,KP22
Pembantu Penguatkuasa,KP26
Pembantu Penguatkuasa,KP3
Pembantu Penguatkuasa,N1
Pembantu Penguatkuasa,NA19
Pembantu Penguatkuasa Rendah,NA11
Pembantu Penilaian,N3
Pembantu Penilaian,W1
Pembantu Penilaian,W2
Pembantu Penilaian,W3
Pembantu Penilaian,WA19
Pembantu Penilaian,WA22
Pembantu Pentadbir Tanah/ Penolong Pentadbir Tanah,NT1
Pembantu Pentadbir Tanah/ Penolong Pentadbir Tanah,NT19
Pembantu Pentadbir Tanah/ Penolong Pentadbir Tanah,NT2
Pembantu Pentadbir Tanah/ Penolong Pentadbir Tanah,NT22
Pembantu Pentadbir Tanah/ Penolong Pentadbir Tanah,NT26
Pembantu Pentadbir Tanah/ Penolong Pentadbir Tanah,NT29
Pembantu Pentadbir Tanah/ Penolong Pentadbir Tanah,NT3
Pembantu Pentadbir Tanah/ Penolong Pentadbir Tanah,NT32
Pembantu Pentadbir Tanah/ Penolong Pentadbir Tanah,NT5
Pembantu Pentadbir Tanah/ Penolong Pentadbir Tanah,NT6
Pembantu Penyediaan Makanan,N1
Pembantu Penyediaan Makanan,N2
Pembantu Penyediaan Makanan,NA19
Pembantu Penyelidik,GA22
Pembantu Penyelidik,Q1
Pembantu Penyelidik,Q2
Pembantu Penyelidik,Q3
Pembantu Penyelidik,QA19
Pembantu Perawatan Kesihatan,U1
Pembantu Perawatan Kesihatan,UA03
Pembantu Perikanan,G1
Pembantu Perikanan,G2
Pembantu Perikanan,G3
Pembantu Perikanan,GA19
Pembantu Pertanian,G2
Pembantu Pertanian,GA19
Pembantu Pertanian,GA22
Pembantu Pustakawan,S1
Pembantu Pustakawan,S2
Pembantu Pustakawan,S3
Pembantu Pustakawan,SA19
Pembantu Rendah Hal Ehwal Islam,S1
Pembantu Setiausaha Pejabat/Setiausaha Pejabat,N1
Pembantu Setiausaha Pejabat/Setiausaha Pejabat,N2
Pembantu Setiausaha Pejabat/Setiausaha Pejabat,N3
Pembantu Setiausaha Pejabat/Setiausaha Pejabat,N4
Pembantu Setiausaha Pejabat/Setiausaha Pejabat,N5
Pembantu Setiausaha Pejabat/Setiausaha Pejabat,N6
Pembantu Setiausaha Pejabat/Setiausaha Pejabat,NA19
Pembantu Setiausaha Pejabat/Setiausaha Pejabat,NA22
Pembantu Setiausaha Pejabat/Setiausaha Pejabat,NA29
Pembantu Setiausaha Pejabat/Setiausaha Pejabat,NA30
Pembantu Setiausaha Pejabat/Setiausaha Pejabat,NA32
Pembantu Tadbir (Kewangan),N1
Pembantu Tadbir (Kewangan),W1
Pembantu Tadbir (Kewangan),W2
Pembantu Tadbir (Kewangan),W3
Pembantu Tadbir (Kewangan),WA1
Pembantu Tadbir (Kewangan),WA19
Pembantu Tadbir (Kewangan),WA22
Pembantu Tadbir (Perkeranian/ Operasi),H1
Pembantu Tadbir (Perkeranian/ Operasi),N1
Pembantu Tadbir (Perkeranian/ Operasi),N2
Pembantu Tadbir (Perkeranian/ Operasi),N3
Pembantu Tadbir (Perkeranian/ Operasi),N5
Pembantu Tadbir (Perkeranian/ Operasi),N6
Pembantu Tadbir (Perkeranian/ Operasi),NA01
Pembantu Tadbir (Perkeranian/ Operasi),NA11
Pembantu Tadbir (Perkeranian/ Operasi),NA17
Pembantu Tadbir (Perkeranian/ Operasi),NA19
Pembantu Tadbir (Perkeranian/ Operasi),NA22
Pembantu Tadbir (Perkeranian/ Operasi),NA26
Pembantu Tadbir (Perkeranian/ Operasi),WA19
Pembantu Tadbir (Undang-undang),L1
Pembantu Tadbir Rendah,N1
Pembantu Tadbir Rendah,NA11
Pembantu Tadbir Tanah,NT1
Pembantu Tadbir Tanah,NT19
Pembantu Tadbir Tanah,NT2
Pembantu Tadbir Tanah,NT22
Pembantu Taman/Ladang,GA19
Pembantu Veterinar,G2
Pembantu Veterinar/ Penolong Pegawai Veterinar,G1
Pembantu Veterinar/ Penolong Pegawai Veterinar,G2
Pembantu Veterinar/ Penolong Pegawai Veterinar,G5
Pembantu Veterinar/ Penolong Pegawai Veterinar,G6
Pembantu Veterinar/ Penolong Pegawai Veterinar,GA19
Pembantu Veterinar/ Penolong Pegawai Veterinar,GA22
Pemelihara Hutan,G10
Pemelihara Hutan,G12
Pemelihara Hutan,G13
Pemelihara Hutan,G14
Pemelihara Hutan,G9
Pemelihara Hutan,VU6
Pemimpin Pembangunan Masyarakat,S13
Pengawal Keselamatan,K1
Pengawal Keselamatan,KP1
Pengawal Keselamatan,KP11
Pengawal Keselamatan,KP14
Pengawas Hutan,G1
Pengawas Hutan,GA11
Pengawas Hutan,GA19
Penolong Akauntan,W5
Penolong Akauntan,W6
Penolong Akauntan,W7
Penolong Akauntan,W9
Penolong Akauntan,WA19
Penolong Akauntan,WA29
Penolong Akauntan,WA32
Penolong Akauntan,WA36
Penolong Akauntan,WK32
Penolong Arkitek Landskap,J5
Penolong Arkitek Landskap,JA29
Penolong Arkitek Landskap,LA29
Penolong Juruaudit,W5
Penolong Juruaudit,WA29
Penolong Jurutera,J2
Penolong Jurutera,J5
Penolong Jurutera,J6
Penolong Jurutera,J7
Penolong Jurutera,JA29
Penolong Jurutera,JA36
Penolong Jurutera,JA38
Penolong Juruukur,J5
Penolong Juruukur,J6
Penolong Juruukur,J7
Penolong Juruukur,JA29
Penolong Juruukur,JA36
Penolong Juruukur Bahan,J5
Penolong Juruukur Bahan,J6
Penolong Juruukur Bahan,J7
Penolong Juruukur Bahan,JA29
Penolong Kurator,S5
Penolong Kurator,S6
Penolong Kurator,S7
Penolong Pegawai Arkib,S5
Penolong Pegawai Arkib,S6
Penolong Pegawai Arkib,SA29
Penolong Pegawai Belia Dan Sukan,S5
Penolong Pegawai Belia Dan Sukan,S6
Penolong Pegawai Belia Dan Sukan,SA29
Penolong Pegawai Belia Dan Sukan,SA32
Penolong Pegawai Ehwal Ekonomi,E5
Penolong Pegawai Ehwal Ekonomi,E6
Penolong Pegawai Ehwal Ekonomi,E9
Penolong Pegawai Ehwal Ekonomi,EA29
Penolong Pegawai Hal Ehwal Islam,S4
Penolong Pegawai Hal Ehwal Islam,S5
Penolong Pegawai Hal Ehwal Islam,S6
Penolong Pegawai Hal Ehwal Islam,S7
Penolong Pegawai Hal Ehwal Islam,SA29
Penolong Pegawai Hidupan Liar,G5
Penolong Pegawai Hidupan Liar,GA29
Penolong Pegawai Kawalan Alam Sekitar,C5
Penolong Pegawai Kawalan Alam Sekitar,C6
Penolong Pegawai Kawalan Alam Sekitar,C7
Penolong Pegawai Keselamatan,KP5
Penolong Pegawai Kesihatan Persekitaran/Pegawai Kesihatan Persekitaran,U5
Penolong Pegawai Kesihatan Persekitaran/Pegawai Kesihatan Persekitaran,U6
Penolong Pegawai Kesihatan Persekitaran/Pegawai Kesihatan Persekitaran,U9
Penolong Pegawai Kesihatan Persekitaran/Pegawai Kesihatan Persekitaran,UA29
Penolong Pegawai Kesihatan Persekitaran/Pegawai Kesihatan Persekitaran,UA32
Penolong Pegawai Latihan,E5
Penolong Pegawai Latihan,E6
Penolong Pegawai Latihan Vokasional,DV29
Penolong Pegawai Latihan Vokasional,DV38
Penolong Pegawai Laut,A5
Penolong Pegawai Laut,A6
Penolong Pegawai Laut,A7
Penolong Pegawai Pembangunan Masyarakat,NA29
Penolong Pegawai Pembangunan Masyarakat,S5
Penolong Pegawai Pembangunan Masyarakat,S6
Penolong Pegawai Penerangan,S5
Penolong Pegawai Penerbitan,NA29
Penolong Pegawai Penguatkuasa,K5
Penolong Pegawai Penguatkuasa,KP1
Penolong Pegawai Penguatkuasa,KP29
Penolong Pegawai Penguatkuasa,KP32
Penolong Pegawai Penguatkuasa,KP5
Penolong Pegawai Penguatkuasa,KP6
Penolong Pegawai Penguatkuasa,KP7
Penolong Pegawai Penguatkuasa,N4
Penolong Pegawai Penilaian,N5
Penolong Pegawai Penilaian,W5
Penolong Pegawai Penilaian,W6
Penolong Pegawai Penilaian,W7
Penolong Pegawai Penilaian,WA29
Penolong Pegawai Penyelidik,Q5
Penolong Pegawai Penyelidik,Q6
Penolong Pegawai Penyelidik,QA29
Penolong Pegawai Penyelidik Sosial,NA29
Penolong Pegawai Perancang Bandar dan Desa,J5
Penolong Pegawai Perancang Bandar dan Desa,J7
Penolong Pegawai Perancang Bandar dan Desa,JA29
Penolong Pegawai Perikanan,G5
Penolong Pegawai Perikanan,G6
Penolong Pegawai Perikanan,G7
Penolong Pegawai Perikanan,GA29
Penolong Pegawai Pertanian,G1
Penolong Pegawai Pertanian,G5
Penolong Pegawai Pertanian,G6
Penolong Pegawai Pertanian,G7
Penolong Pegawai Pertanian,GA29
Penolong Pegawai Perubatan,G5
Penolong Pegawai Sains,C5
Penolong Pegawai Sains,C6
Penolong Pegawai Syariah,LS5
Penolong Pegawai Syariah,LS6
Penolong Pegawai Syariah,S5
Penolong Pegawai Tadbir,N2
Penolong Pegawai Tadbir,N5
Penolong Pegawai Tadbir,N6
Penolong Pegawai Tadbir,N7
Penolong Pegawai Tadbir,N9
Penolong Pegawai Tadbir,NA29
Penolong Pegawai Tadbir,NA32
Penolong Pegawai Tadbir,NA36
Penolong Pegawai Tadbir,SA29
Penolong Pegawai Tadbir,W5
Penolong Pegawai Teknologi Maklumat,F5
Penolong Pegawai Teknologi Maklumat,F6
Penolong Pegawai Teknologi Maklumat,F7
Penolong Pegawai Teknologi Maklumat,F9
Penolong Pegawai Teknologi Maklumat,FA29
Penolong Pegawai Teknologi Maklumat,FA32
Penolong Pegawai Undang-undang,L5
Penolong Pegawai Undang-undang,L6
Penolong Pegawai Undang-undang,L7
Penolong Pemelihara Hutan,G5
Penolong Pemelihara Hutan,G6
Penolong Pemelihara Hutan,G7
Penolong Pustakawan,S5
Penolong Pustakawan,S6
Penolong Pustakawan,S7
Penyelia Asrama,N1
Penyelia Asrama,NA19
Penyelia Kemajuan Masyarakat,SA19
Pereka,B1
Pereka,B9
Pustakawan,S10
Pustakawan,S12
Pustakawan,S13
Pustakawan,S9
Renjer Hutan,G1
Renjer Hutan,G2
Renjer Hutan,G3
Skim Perkhidmatan/ Jawatan,Gred
Tukang K3,RA09
Tukang Kayu/Mekanik,H2
Tukang Masak,NA01
Tukang Masak,NA04
Tukang Masak,NA19
